{"is_source_file": true, "format": "bash script", "description": "A comprehensive shell script for automatically detecting and backing up different types of databases (SQLite, PostgreSQL, MySQL, MongoDB). It includes checks for database presence and connectivity, and performs backups accordingly.", "external_files": ["/usr/lib/postgresql/", "/var/run/mysqld/mysqld.sock"], "external_methods": ["ls", "cp", "sudo -u postgres pg_isready", "sudo -u postgres pg_dump", "mysqladmin", "mysql", "mysqldump", "mongosh", "mongodump"], "published": [], "classes": [], "methods": [], "calls": ["ls /usr/lib/postgresql/", "cp \"${DB_NAME}\" \"database_backup.db\"", "sudo -u postgres ${PG_BIN}/pg_isready", "sudo -u postgres ${PG_BIN}/pg_dump", "mysqladmin ping -h localhost -P ${DB_PORT} --silent", "sudo mysqladmin ping --socket=/var/run/mysqld/mysqld.sock --silent", "mysql -h localhost -P ${DB_PORT} -u ${DB_USER} -p${DB_PASSWORD} -e \"SELECT 1\"", "mysqldump -h localhost -P ${DB_PORT} -u ${DB_USER} -p${DB_PASSWORD} --databases ${DB_NAME} --add-drop-database --routines --triggers --single-transaction", "sudo mysqldump --socket=/var/run/mysqld/mysqld.sock -u root -p${DB_PASSWORD} --databases ${DB_NAME} --add-drop-database --routines --triggers --single-transaction", "mongosh --port ${DB_PORT} --eval \"db.adminCommand('ping')\"", "mongodump --port ${DB_PORT} --db ${DB_NAME} --archive=database_backup.archive --quiet"], "search-terms": ["backup_db.sh", "database backup script", "detects and backs up multiple databases", "SQLite backup", "PostgreSQL backup", "MySQL backup with port and socket fallback", "MongoDB backup"], "state": 2, "file_id": 8, "knowledge_revision": 17, "git_revision": "267a867562f7460332997fa620474af010159890", "hash": "d7da372b768c895a33088027314656c3", "format-version": 4, "code-base-name": "database", "filename": "database/backup_db.sh", "revision_history": [{"17": "267a867562f7460332997fa620474af010159890"}]}