{"is_source_file": true, "format": "bash", "description": "This is a Bash shell script used for restoring databases from different backup files. It detects backup types (SQLite, PostgreSQL, MySQL, MongoDB) and performs the appropriate restore commands based on the available backup files.", "external_files": ["database_backup.db", "database_backup.sql", "database_backup.archive"], "external_methods": ["sudo -u postgres pg_isready", "psql", "mysqladmin", "mysql", "mongosh", "mongorestore", "sudo mysql"], "published": [], "classes": [], "methods": [], "calls": ["ls", "cp", "echo", "exit", "sudo -u postgres pg_isready", "psql", "mysqladmin ping", "mysql", "mongosh", "mongorestore", "sudo mysql"], "search-terms": ["restore", "database", "backup", "sqlite", "postgresql", "mysql", "mongodb", "bash script", "database restore script"], "state": 2, "file_id": 7, "knowledge_revision": 14, "git_revision": "267a867562f7460332997fa620474af010159890", "hash": "d42c3e6cbc3bbd627e3c08afcf4183ec", "format-version": 4, "code-base-name": "database", "filename": "database/restore_db.sh", "revision_history": [{"14": "267a867562f7460332997fa620474af010159890"}]}