{"is_source_file": false, "format": "", "description": "", "external_files": [], "external_methods": [], "published": [], "classes": [], "methods": [], "calls": [], "search-terms": [], "state": 2, "file_id": 2, "knowledge_revision": 11, "git_revision": "267a867562f7460332997fa620474af010159890", "hash": "0c9f36dfd1a6dee9fa952c06ab7d9563", "format-version": 4, "code-base-name": "database", "filename": "database/db_visualizer/package.json", "revision_history": [{"11": "267a867562f7460332997fa620474af010159890"}]}