{"is_source_file": true, "format": "Python", "description": "This file implements an interactive SQLite shell for managing and querying a SQLite database named 'myapp.db'. It provides commands for listing tables, showing schemas, describing tables, executing arbitrary SQL queries, and exiting the shell.", "external_files": ["sqlite3"], "external_methods": ["sqlite3.connect", "cursor.execute", "cursor.fetchall", "cursor.fetchone"], "published": [], "classes": [], "methods": [{"name": "print_help()", "description": "Displays help information for available commands.", "scope": "", "scopeKind": ""}, {"name": "list_tables(cursor)", "description": "Lists all non-internal tables in the database.", "scope": "", "scopeKind": ""}, {"name": "show_schema(cursor, table_name=None)", "description": "Shows the CREATE statement for a specified table or all tables if none specified.", "scope": "", "scopeKind": ""}, {"name": "describe_table(cursor, table_name)", "description": "Displays the structure (columns and types) of a specified table.", "scope": "", "scopeKind": ""}, {"name": "execute_query(cursor, query)", "description": "Executes a SQL query and displays results or affected rows.", "scope": "", "scopeKind": ""}, {"name": "main()", "description": "Main loop that runs the interactive shell, handling user input and command execution.", "scope": "", "scopeKind": ""}], "calls": ["sqlite3.connect", "cursor.execute", "cursor.fetchall", "cursor.fetchone", "conn.close"], "search-terms": ["sqlite interactive shell", "database management", "db_shell.py", "SQLite commands", "Python database shell"], "state": 2, "file_id": 1, "knowledge_revision": 16, "git_revision": "267a867562f7460332997fa620474af010159890", "ctags": [{"_type": "tag", "name": "DB_NAME", "path": "/home/kavia/workspace/code-generation/simple-notes-app-214166-214176/database/db_shell.py", "pattern": "/^DB_NAME = \"myapp.db\"$/", "language": "Python", "kind": "variable"}, {"_type": "tag", "name": "describe_table", "path": "/home/kavia/workspace/code-generation/simple-notes-app-214166-214176/database/db_shell.py", "pattern": "/^def describe_table(cursor, table_name):$/", "language": "Python", "kind": "function", "signature": "(cursor, table_name)"}, {"_type": "tag", "name": "execute_query", "path": "/home/kavia/workspace/code-generation/simple-notes-app-214166-214176/database/db_shell.py", "pattern": "/^def execute_query(cursor, query):$/", "language": "Python", "kind": "function", "signature": "(cursor, query)"}, {"_type": "tag", "name": "list_tables", "path": "/home/kavia/workspace/code-generation/simple-notes-app-214166-214176/database/db_shell.py", "pattern": "/^def list_tables(cursor):$/", "language": "Python", "kind": "function", "signature": "(cursor)"}, {"_type": "tag", "name": "main", "path": "/home/kavia/workspace/code-generation/simple-notes-app-214166-214176/database/db_shell.py", "pattern": "/^def main():$/", "language": "Python", "kind": "function", "signature": "()"}, {"_type": "tag", "name": "print_help", "path": "/home/kavia/workspace/code-generation/simple-notes-app-214166-214176/database/db_shell.py", "pattern": "/^def print_help():$/", "language": "Python", "kind": "function", "signature": "()"}, {"_type": "tag", "name": "show_schema", "path": "/home/kavia/workspace/code-generation/simple-notes-app-214166-214176/database/db_shell.py", "pattern": "/^def show_schema(cursor, table_name=None):$/", "language": "Python", "kind": "function", "signature": "(cursor, table_name=None)"}], "hash": "7a5a132ab2db661e22c5eb4827332833", "format-version": 4, "code-base-name": "database", "filename": "database/db_shell.py", "fields": [{"name": "DB_NAME = \"myapp.db\"", "scope": "", "scopeKind": "", "description": "unavailable"}], "revision_history": [{"16": "267a867562f7460332997fa620474af010159890"}]}