{"is_source_file": true, "format": "HTML", "description": "This is a complete HTML file implementing the frontend interface for a database viewer application, including styles, layout, and client-side JavaScript for fetching and displaying database and table information.", "external_files": ["/api/databases", "/api/{db}/tables", "/api/{db}/tables/{tableName}/data?limit=50"], "external_methods": ["fetch", "JSON.parse", "encodeURIComponent", "decodeURIComponent"], "published": [], "classes": [], "methods": [{"name": "loadDatabases", "description": "Fetches the list of databases and populates the sidebar."}, {"name": "refreshDatabases", "description": "Refreshes the database list, resets current selections."}, {"name": "toggleDatabase", "description": "Expands or collapses the table of databases in sidebar and loads tables."}, {"name": "loadTables", "description": "Fetches and displays tables for the selected database."}, {"name": "loadTableData", "description": "Fetches and displays data of a selected table."}, {"name": "renderTable", "description": "Generates HTML to display table data, handling wide content and complex objects."}, {"name": "renderCell", "description": "Renders individual cell content, with expandability for long text or objects."}, {"name": "expandCell", "description": "Expands or collapses cell content for long strings or objects."}], "calls": ["fetch('/api/databases')", "fetch(`/api/${db}/tables`)", "fetch(`/api/${db}/tables/${tableName}/data?limit=50`)", "JSON.stringify", "JSON.parse", "encodeURIComponent", "decodeURIComponent"], "search-terms": ["HTML database viewer", "client-side data grid", "dynamic table rendering", "expand long cell", "fetch API database"], "state": 2, "file_id": 3, "knowledge_revision": 15, "git_revision": "267a867562f7460332997fa620474af010159890", "hash": "ee63333a4841bf025439c755a74c9881", "format-version": 4, "code-base-name": "database", "filename": "database/db_visualizer/public/index.html", "revision_history": [{"15": "267a867562f7460332997fa620474af010159890"}]}